timestamp,label
0,standing
"10,01696467",standing
"20,034958",standing
"30,051537",standing
"40,06796842",standing
"50,08431392",standing
"60,10060388",standing
"70,11685904",standing
"80,13308379",standing
"90,14928862",standing
"100,1654917",standing
"110,181681",standing
"120,1978633",standing
"130,2140355",standing
"140,230205",standing
"150,2463739",standing
"160,2625406",standing
"170,278709",standing
"180,2948748",standing
"190,3110415",standing
"200,3272127",standing
"210,3433845",standing
"220,359563",standing
"230,3757469",standing
"240,3919315",standing
"250,4081224",standing
"260,4243272",standing
"270,4405521",standing
"280,4567926",standing
"290,4730243",standing
"300,4892468",standing
"310,505466",standing
"320,5216831",standing
"330,537903",standing
"340,5541275",standing
"350,5703594",standing
"360,5865902",standing
"370,6028306",standing
"380,6190794",standing
"390,6353275",standing
"400,6515805",standing
"410,6678779",standing
"420,6842303",standing
"430,7006062",standing
"440,7169965",standing
"450,7334059",standing
"460,7498473",standing
"470,7663035",standing
"480,782765",standing
"490,7992388",standing
"500,8157188",standing
"510,8322283",standing
"520,8487261",standing
"530,8651865",standing
"540,8816225",standing
"550,8980445",standing
"560,9144667",standing
"570,9308802",standing
"580,9472795",standing
"590,9636707",standing
"600,9800544",standing
"610,9964426",standing
"621,0128272",standing
"631,0292145",standing
"641,0456089",standing
"651,0620049",standing
"661,0783947",standing
"671,0947827",standing
"681,111162",standing
"691,1275461",standing
"701,1439304",standing
"711,160324",standing
"721,1767585",standing
"731,193222",standing
"741,209686",standing
"751,2261731",standing
"761,2426814",standing
"771,2591844",standing
"781,2757044",standing
"791,2922394",standing
"801,3087706",standing
"811,3253127",standing
"821,3418664",standing
"831,3584128",standing
"841,3749694",standing
"851,3915416",standing
"861,4081068",standing
"871,4246837",standing
"881,4412978",standing
"891,4579219",standing
"901,4745411",standing
"911,4911607",standing
"921,5077718",standing
"931,5243901",standing
"941,5410136",standing
"951,557628",standing
"961,5742497",standing
"971,5908804",standing
"981,6075038",standing
"991,6241387",standing
"1001,640776",standing
"1011,657415",standing
"1021,674057",standing
"1031,690709",standing
"1041,707348",standing
"1051,723997",standing
"1061,740649",standing
"1071,757293",standing
"1081,773952",standing
"1091,790614",standing
"1101,807272",standing
"1111,823932",standing
"1121,8406",standing
"1131,857267",standing
"1141,873936",standing
"1151,890611",standing
"1161,90729",standing
"1171,923994",standing
"1181,940706",standing
"1191,957405",standing
"1201,974108",standing
"1211,99082",standing
"1222,007509",standing
"1232,02421",standing
"1242,040939",standing
"1252,057715",standing
"1262,074455",standing
"1272,091181",standing
"1282,107887",standing
"1292,124611",standing
"1302,141321",standing
"1312,158019",standing
"1322,174713",standing
"1332,191409",standing
"1342,208098",standing
"1352,224787",standing
"1362,241488",standing
"1372,258181",standing
"1382,27488",standing
"1392,291592",standing
"1402,308293",standing
"1412,325003",standing
"1422,341715",standing
"1432,35842",standing
"1442,375133",standing
"1452,391855",standing
"1462,408565",standing
"1472,425283",standing
"1482,442011",standing
"1492,45873",standing
"1502,47546",standing
"1512,492188",standing
"1522,508909",standing
"1532,52564",standing
"1542,542376",standing
"1552,559102",standing
"1562,575838",standing
"1572,592569",standing
"1582,609296",standing
"1592,626028",standing
"1602,642768",standing
"1612,659497",standing
"1622,676237",standing
"1632,692988",standing
"1642,709732",standing
"1652,726478",standing
"1662,743229",standing
"1672,759976",standing
"1682,776735",standing
"1692,793498",standing
"1702,810254",standing
"1712,827009",standing
"1722,843769",standing
"1732,860528",standing
"1742,877294",standing
"1752,89406",standing
"1762,910813",standing
"1772,92758",standing
"1782,944384",standing
"1792,961131",standing
"1802,977906",standing
"1812,994684",standing
"1823,011455",standing
"1833,028236",standing
"1843,045022",standing
"1853,06183",standing
"1863,07863",standing
"1873,095436",standing
"1883,112232",standing
"1893,129026",standing
"1903,145828",standing
"1913,162614",standing
"1923,179411",standing
"1933,196224",standing
"1943,212996",standing
"1953,229794",standing
"1963,246595",standing
"1973,26339",standing
"1983,280197",standing
"1993,29701",standing
"2003,313814",standing
"2013,330638",standing
"2023,34746",standing
"2033,364275",standing
"2043,381101",standing
"2053,39793",standing
"2063,414757",standing
"2073,431603",standing
"2083,448446",standing
"2093,465282",standing
"2103,482126",standing
"2113,49897",standing
"2123,515805",standing
"2133,532648",standing
"2143,549493",standing
"2153,566329",standing
"2163,583176",standing
"2173,600032",standing
"2183,616881",standing
"2193,633739",standing
"2203,650599",standing
"2213,667461",standing
"2223,684331",standing
"2233,701194",standing
"2243,718058",standing
"2253,734943",standing
"2263,751826",standing
"2273,768698",standing
"2283,785575",standing
"2293,802453",standing
"2303,819327",standing
"2313,836219",standing
"2323,853156",standing
"2333,87006",standing
"2343,886942",standing
"2353,903813",standing
"2363,920668",standing
"2373,93752",standing
"2383,954377",standing
"2393,97122",standing
"2403,988072",standing
"2414,004925",standing
"2424,021772",standing
"2434,038622",standing
"2444,055479",standing
"2454,072328",standing
"2464,089185",standing
"2474,106052",standing
"2484,122909",standing
"2494,13978",standing
"2504,156655",standing
"2514,173522",standing
"2524,190395",standing
"2534,207266",standing
"2544,224128",standing
"2554,240995",standing
"2564,257864",standing
"2574,274723",standing
"2584,29159",standing
"2594,308467",standing
"2604,325336",standing
"2614,342214",standing
"2624,35907",standing
"2634,375919",standing
"2644,392774",standing
"2654,409623",standing
"2664,426465",standing
"2674,443321",standing
"2684,460171",standing
"2694,477018",standing
"2704,493881",standing
"2714,510746",standing
"2724,52761",standing
"2734,54448",standing
"2744,561358",standing
"2754,578252",standing
"2764,595145",standing
"2774,612035",standing
"2784,628911",standing
"2794,6458",standing
"2804,662683",standing
"2814,679565",standing
"2824,696451",standing
"2834,713346",standing
"2844,730231",standing
"2854,747131",standing
"2864,764026",standing
"2874,780914",standing
"2884,797816",standing
"2894,81471",standing
"2904,831592",standing
"2914,848487",standing
"2924,865381",standing
"2934,882265",standing
"2944,899164",standing
"2954,916062",standing
"2964,932955",standing
"2974,949882",standing
"2984,96681",standing
"2994,98374",standing
"3005,000672",standing
"3015,017618",standing
"3025,034569",standing
"3035,051511",standing
"3045,06841",standing
"3055,085278",standing
"3065,102113",standing
"3075,118935",standing
"3085,135746",standing
"3095,15256",standing
"3105,169361",standing
"3115,186197",standing
"3125,203052",standing
"3135,219913",standing
"3145,236785",standing
"3155,253678",standing
"3165,270564",standing
"3175,28746",standing
"3185,304377",standing
"3195,321356",standing
"3205,338312",standing
"3215,355237",standing
"3225,372143",standing
"3235,389038",standing
"3245,405926",standing
"3255,42281",standing
"3265,439696",standing
"3275,456586",standing
"3285,473465",standing
"3295,490348",standing
"3305,507236",standing
"3315,524122",standing
"3325,54101",standing
"3335,557905",standing
"3345,574792",standing
"3355,591679",standing
"3365,608582",standing
"3375,625469",standing
"3385,642368",standing
"3395,659266",standing
"3405,676149",standing
"3415,693037",standing
"3425,709924",standing
"3435,726795",standing
"3445,743678",standing
"3455,760551",standing
"3465,77742",standing
"3475,794298",standing
"3485,811172",standing
"3495,828044",standing
"3505,844919",standing
"3515,861797",standing
"3525,878667",standing
"3535,895541",standing
"3545,912415",standing
"3555,929291",standing
"3565,946168",standing
"3575,963056",standing
"3585,97994",standing
"3595,996829",standing
"3606,013722",standing
"3616,030611",standing
"3626,047507",standing
"3636,064399",standing
"3646,081295",standing
"3656,098195",standing
"3666,115085",standing
"3676,131972",standing
"3686,148876",standing
"3696,165784",standing
"3706,18271",standing
"3716,199638",standing
"3726,216562",standing
"3736,233485",standing
"3746,250409",standing
"3756,267336",standing
"3766,284251",standing
"3776,301175",standing
"3786,318098",standing
"3796,338759",standing
"3806,35573",standing
"3816,372701",standing
"3826,389651",standing
"3836,406598",standing
"3846,423542",standing
"3856,44048",standing
"3866,457417",standing
"3876,474358",standing
"3886,491296",standing
"3896,508241",standing
"3906,525182",standing
"3916,542111",standing
"3926,559053",standing
"3936,575995",standing
"3946,592936",standing
"3956,609886",standing
"3966,626838",standing
"3976,643777",standing
"3986,660722",standing
"3996,677669",standing
"4006,694606",standing
"4016,711555",standing
"4026,728506",standing
"4036,745448",standing
"4046,762398",standing
"4056,779356",standing
"4066,796307",standing
"4076,813265",standing
"4086,830219",standing
"4096,847158",standing
"4106,864102",standing
"4116,881047",standing
"4126,897981",standing
"4136,914928",standing
"4146,931864",standing
"4156,948793",standing
"4166,96573",standing
"4176,982671",standing
"4186,999608",standing
"4197,016558",standing
"4207,033513",standing
"4217,05046",standing
"4227,067407",standing
"4237,084362",standing
"4247,101301",standing
"4257,118249",standing
"4267,135197",standing
"4277,152132",standing
"4287,169065",standing
"4297,186003",standing
"4307,202928",standing
"4317,219863",standing
"4327,236802",standing
"4337,25373",standing
"4347,270667",standing
"4357,287611",standing
"4367,304548",standing
"4377,321485",standing
"4387,338418",standing
"4397,35534",standing
"4407,372278",standing
"4417,389214",standing
"4427,406151",standing
"4437,423096",standing
"4447,44004",standing
"4457,456976",standing
"4467,473928",standing
"4477,490886",standing
"4487,507915",standing
"4497,524922",standing
"4507,541909",standing
"4517,558877",standing
"4527,575843",standing
"4537,592813",standing
"4547,60977",standing
"4557,626735",standing
"4567,643712",standing
"4577,660686",standing
"4587,677657",standing
"4597,694641",standing
"4607,711608",standing
"4617,728591",standing
"4627,745573",standing
"4637,762547",standing
"4647,779543",standing
"4657,796531",standing
"4667,813516",standing
"4677,830506",standing
"4687,84749",standing
"4697,864472",standing
"4707,881458",standing
"4717,898446",standing
"4727,915434",standing
"4737,932418",standing
"4747,949401",standing
"4757,966366",standing
"4767,983352",standing
"4778,000334",standing
"4788,017301",standing
"4798,034273",standing
"4808,051246",standing
"4818,068208",standing
"4828,085176",standing
"4838,102141",standing
"4848,119098",standing
"4858,13606",standing
"4868,153022",standing
"4878,169977",standing
"4888,186936",standing
"4898,203899",standing
"4908,220853",standing
"4918,237811",standing
"4928,254784",standing
"4938,271757",standing
"4948,288737",standing
"4958,30571",standing
"4968,322668",standing
"4978,339634",standing
"4988,356597",standing
"4998,373552",standing
"5008,390517",standing
"5018,407489",standing
"5028,424443",standing
"5038,441415",standing
"5048,458385",standing
"5058,475341",standing
"5068,492318",standing
"5078,509306",standing
"5088,526281",standing
"5098,543262",standing
"5108,560235",standing
"5118,577193",standing
"5128,594158",standing
"5138,611112",standing
"5148,62805",standing
"5158,645031",standing
"5168,662068",standing
"5178,679083",standing
"5188,696045",standing
"5198,71295",standing
"5208,729779",standing
"5218,746577",standing
"5228,763353",sitting
"5238,780089",sitting
"5248,796806",sitting
"5258,813528",sitting
"5268,83017",sitting
"5278,846798",sitting
"5288,863391",sitting
"5298,879951",sitting
"5308,896528",sitting
"5318,913082",sitting
"5328,929611",sitting
"5338,946127",sitting
"5348,962626",sitting
"5358,979088",sitting
"5368,99555",sitting
"5379,011998",sitting
"5389,028418",sitting
"5399,044839",sitting
"5409,061251",sitting
"5419,077644",sitting
"5429,094038",sitting
"5439,110419",sitting
"5449,126778",sitting
"5459,143134",sitting
"5469,159487",sitting
"5479,175822",sitting
"5489,192154",sitting
"5499,208476",sitting
"5509,224778",sitting
"5519,241079",sitting
"5529,257375",sitting
"5539,273648",sitting
"5549,289928",sitting
"5559,306199",sitting
"5569,322451",sitting
"5579,338708",sitting
"5589,354951",sitting
"5599,371176",sitting
"5609,387407",sitting
"5619,403623",sitting
"5629,419829",sitting
"5639,436046",sitting
"5649,452259",sitting
"5659,468467",sitting
"5669,484685",sitting
"5679,500881",sitting
"5689,51708",sitting
"5699,533269",sitting
"5709,549463",sitting
"5719,565652",sitting
"5729,581851",sitting
"5739,598049",sitting
"5749,614233",sitting
"5759,630404",sitting
"5769,646557",sitting
"5779,662693",sitting
"5789,678818",sitting
"5799,694934",sitting
"5809,711023",sitting
"5819,727146",sitting
"5829,743268",sitting
"5839,759397",sitting
"5849,775505",sitting
"5859,791616",sitting
"5869,807741",sitting
"5879,823845",sitting
"5889,8399",sitting
"5899,85592",sitting
"5909,871909",sitting
"5919,887904",sitting
"5929,903918",sitting
"5939,919938",sitting
"5949,93596",sitting
"5959,951993",sitting
"5969,967993",sitting
"5979,983987",sitting
"5989,999998",sitting
"6000,016018",sitting
"6010,032044",sitting
"6020,048084",sitting
"6030,064123",walking
"6040,080162",walking
"6050,096221",walking
"6060,112279",walking
"6070,128334",walking
"6080,144408",walking
"6090,160481",walking
"6100,176553",walking
"6110,192648",walking
"6120,208737",walking
"6130,224821",walking
"6140,240924",walking
"6150,257027",walking
"6160,273128",walking
"6170,289254",walking
"6180,305377",walking
"6190,321511",walking
"6200,337662",walking
"6210,353817",walking
"6220,369961",walking
"6230,386123",walking
"6240,402287",walking
"6250,418443",walking
"6260,434621",walking
"6270,450807",walking
"6280,466996",walking
"6290,483205",walking
"6300,499412",walking
"6310,515607",walking
"6320,531828",walking
"6330,548043",walking
"6340,564266",walking
"6350,580494",walking
"6360,596724",walking
"6370,612953",walking
"6380,629191",walking
"6390,645418",walking
"6400,661644",walking
"6410,677887",walking
"6420,69413",walking
"6430,710366",walking
"6440,726618",walking
"6450,742871",walking
"6460,759116",walking
"6470,775371",walking
"6480,79162",walking
"6490,807857",walking
"6500,824094",walking
"6510,840374",walking
"6520,85669",walking
"6530,872986",walking
"6540,889268",walking
"6550,905544",walking
"6560,921823",walking
"6570,938113",walking
"6580,954396",walking
"6590,970685",walking
"6600,986965",walking
"6611,003239",walking
"6621,01953",walking
"6631,035827",walking
"6641,052116",walking
"6651,068416",walking
"6661,084717",walking
"6671,101029",walking
"6681,117357",walking
"6691,133685",walking
"6701,150014",walking
"6711,166347",walking
"6721,182684",walking
"6731,199026",walking
"6741,215376",walking
"6751,231725",walking
"6761,248068",walking
"6771,264433",walking
"6781,280797",walking
"6791,297148",walking
"6801,313507",walking
"6811,329857",walking
"6821,346212",walking
"6831,362636",walking
"6841,379036",walking
"6851,395406",walking
"6861,411786",walking
"6871,42816",walking
"6881,444522",walking
"6891,460889",walking
"6901,477249",walking
"6911,493612",walking
"6921,50997",walking
"6931,526327",walking
"6941,542681",walking
"6951,55908",walking
"6961,575483",walking
"6971,591876",walking
"6981,608279",walking
"6991,62466",walking
"7001,641045",walking
"7011,657441",walking
"7021,673827",walking
"7031,690229",walking
"7041,706627",walking
"7051,72302",walking
"7061,739408",walking
"7071,755804",walking
"7081,7722",walking
"7091,788595",walking
"7101,804989",walking
"7111,821375",walking
"7121,837755",walking
"7131,854139",walking
"7141,870518",walking
"7151,886892",walking
"7161,903286",walking
"7171,919791",walking
"7181,936301",walking
"7191,9528",walking